BUENOS AIRES,25 DE MAYO,BA
BUENOS AIRES,9DE ABRIL,BA
BUENOS AIRES,9DE JULIO,BA
BUENOS AIRES,ABASTO,BA
BUENOS AIRES,ACASSUSO,BA
BUENOS AIRES,ACEVEDO,BA
BUENOS AIRES,ADOLFO GONZALES CHAVES,BA
BUENOS AIRES,ADROGUE,BA
BUENOS AIRES,AEROPUERTO EZEIZA,BA
BUENOS AIRES,AGUSTIN MOSCONI,BA
BUENOS AIRES,ALBERTI,BA
BUENOS AIRES,ALDO BONZI,BA
BUENOS AIRES,ALEJANDRO KORN,BA
BUENOS AIRES,ALMIRANTE IRIZAR,BA
BUENOS AIRES,ALSINA,BA
BUENOS AIRES,AMERICA,BA
BUENOS AIRES,ARANA,BA
BUENOS AIRES,ARENALES,BA
BUENOS AIRES,ARRECIFES,BA
BUENOS AIRES,ARRIBENOS,BA
BUENOS AIRES,ASCENCION,BA
BUENOS AIRES,ATALAYA,BA
BUENOS AIRES,AVELLANEDA,BA
BUENOS AIRES,AYACUCHO,BA
BUENOS AIRES,AZUL,BA
BUENOS AIRES,BAHIA BLANCA,BA
BUENOS AIRES,BALCARCE,BA
BUENOS AIRES,BALNEARIO MAR DE COBO,BA
BUENOS AIRES,BANDERALO,BA
BUENOS AIRES,BANFIELD,BA
BUENOS AIRES,BARADERO,BA
BUENOS AIRES,BARRIO BATAN,BA
BUENOS AIRES,BARRIO EL CAZADOR,BA
BUENOS AIRES,BECCAR,BA
BUENOS AIRES,BELEN DE ESCOBAR,BA
BUENOS AIRES,BELLA VISTA,BA
BUENOS AIRES,BENAVIDEZ,BA
BUENOS AIRES,BENITO JUAREZ,BA
BUENOS AIRES,BERAZATEGUI,BA
BUENOS AIRES,BERISSO,BA
BUENOS AIRES,BERNAL ESTE,BA
BUENOS AIRES,BERNAL OESTE,BA
BUENOS AIRES,BOLIVAR,BA
BUENOS AIRES,BOSQUES,BA
BUENOS AIRES,BOULOGNE,BA
BUENOS AIRES,BRAGADO,BA
BUENOS AIRES,BURZACO,BA
BUENOS AIRES,CAMPANA,BA
BUENOS AIRES,CANNING,BA
BUENOS AIRES,CANUELAS,BA
BUENOS AIRES,CAPILLA DEL SENOR,BA
BUENOS AIRES,CAPITAN SARMIENTO,BA
BUENOS AIRES,CARHUE,BA
BUENOS AIRES,CARILO,BA
BUENOS AIRES,CARLOS CASARES,BA
BUENOS AIRES,CARLOS KEEN,BA
BUENOS AIRES,CARLOS SPEGAZZINI,BA
BUENOS AIRES,CARLOS TEJEDOR,BA
BUENOS AIRES,CARMEN DE ARECO,BA
BUENOS AIRES,CARMEN DE PATAGONES,BA
BUENOS AIRES,CASBAS,BA
BUENOS AIRES,CASEROS,BA
BUENOS AIRES,CASTELAR,BA
BUENOS AIRES,CASTELLI,BA
BUENOS AIRES,CHACABUCO,BA
BUENOS AIRES,CHASCOMUS,BA
BUENOS AIRES,CHILLAR,BA
BUENOS AIRES,CHIVILCOY,BA
BUENOS AIRES,CITY BELL,BA
BUENOS AIRES,CIUDAD EVITA,BA
BUENOS AIRES,CIUDAD MADERO,BA
BUENOS AIRES,CIUDADELA,BA
BUENOS AIRES,CLAROMECO,BA
BUENOS AIRES,CLAYPOLE,BA
BUENOS AIRES,COLON,BA
BUENOS AIRES,COMANDANTE NICANOR OTAMEN,BA
BUENOS AIRES,COPETONAS,BA
BUENOS AIRES,CORONEL BRANDSEN,BA
BUENOS AIRES,CORONEL CHARLONE,BA
BUENOS AIRES,CORONEL DORREGO,BA
BUENOS AIRES,CORONEL GRANADA,BA
BUENOS AIRES,CORONEL PRINGLES,BA
BUENOS AIRES,CORONEL SUAREZ,BA
BUENOS AIRES,CORONEL VIDAL,BA
BUENOS AIRES,CUARTEL V,BA
BUENOS AIRES,DAIREAUX,BA
BUENOS AIRES,DARREGUEIRA,BA
BUENOS AIRES,DE LA GARMA,BA
BUENOS AIRES,DEL VALLE,BA
BUENOS AIRES,DEL VISO,BA
BUENOS AIRES,DOCK SUD,BA
BUENOS AIRES,DOLORES,BA
BUENOS AIRES,DON BOSCO,BA
BUENOS AIRES,DON TORCUATO,BA
BUENOS AIRES,DOYLE,BA
BUENOS AIRES,EL JAGUEL,BA
BUENOS AIRES,EL PALOMAR,BA
BUENOS AIRES,EL PATO,BA
BUENOS AIRES,EL SOCORRO,BA
BUENOS AIRES,EL TALAR,BA
BUENOS AIRES,EMILIO BUNGE,BA
BUENOS AIRES,ENSENADA,BA
BUENOS AIRES,ERNESTINA,BA
BUENOS AIRES,EZEIZA,BA
BUENOS AIRES,EZPELETA ESTE,BA
BUENOS AIRES,EZPELETA OESTE,BA
BUENOS AIRES,FATIMA ESTACION EMPALME,BA
BUENOS AIRES,FERRE,BA
BUENOS AIRES,FLORENCIO VARELA,BA
BUENOS AIRES,FLORENTINO AMEGHINO,BA
BUENOS AIRES,FLORIDA OESTE,BA
BUENOS AIRES,FLORIDA SUR,BA
BUENOS AIRES,FORTIN OLAVARRIA,BA
BUENOS AIRES,FRANCISCO ALVAREZ,BA
BUENOS AIRES,GARIN,BA
BUENOS AIRES,GENERAL ALVARADO,BA
BUENOS AIRES,GENERAL ALVEAR,BA
BUENOS AIRES,GENERAL ARENALES,BA
BUENOS AIRES,GENERAL BELGRANO,BA
BUENOS AIRES,GENERAL DANIEL CERRI,BA
BUENOS AIRES,GENERAL LAMADRID,BA
BUENOS AIRES,GENERAL LAS HERAS,BA
BUENOS AIRES,GENERAL LAVALLE,BA
BUENOS AIRES,GENERAL MADARIAGA,BA
BUENOS AIRES,GENERAL O BRIEN,BA
BUENOS AIRES,GENERAL PACHECO,BA
BUENOS AIRES,GENERAL PINTO,BA
BUENOS AIRES,GENERAL PIRAN,BA
BUENOS AIRES,GENERAL RODRIGUEZ,BA
BUENOS AIRES,GENERAL VIAMONTE,BA
BUENOS AIRES,GENERAL VILLEGAS,BA
BUENOS AIRES,GERLI,BA
BUENOS AIRES,GERLI - PDO. AVELLANEDA,BA
BUENOS AIRES,GLEW,BA
BUENOS AIRES,GOBERNADOR UGARTE,BA
BUENOS AIRES,GONZALEZ CATAN,BA
BUENOS AIRES,GRAND BOURG,BA
BUENOS AIRES,GREGORIO DE LA FERRERE,BA
BUENOS AIRES,GUAMINI,BA
BUENOS AIRES,GUERNICA,BA
BUENOS AIRES,GUILLERMO E HUDSON,BA
BUENOS AIRES,HAEDO,BA
BUENOS AIRES,HENDERSON,BA
BUENOS AIRES,HUANGUELEN,BA
BUENOS AIRES,HURLINGHAM,BA
BUENOS AIRES,INGENIERO ADOLFO SOURDEAU,BA
BUENOS AIRES,INGENIERO ALLAN,BA
BUENOS AIRES,INGENIERO BUDGE,BA
BUENOS AIRES,INGENIERO MASCHWITZ,BA
BUENOS AIRES,INGENIERO WHITE,BA
BUENOS AIRES,ISIDRO CASANOVA,BA
BUENOS AIRES,ITUZAINGO,BA
BUENOS AIRES,JOSE A GUISASOLA,BA
BUENOS AIRES,JOSE CLEMENTE PAZ,BA
BUENOS AIRES,JOSE INGENIEROS,BA
BUENOS AIRES,JOSE LEON SUAREZ,BA
BUENOS AIRES,JOSE MARMOL,BA
BUENOS AIRES,JUAN BAUTISTA ALBERDI,BA
BUENOS AIRES,JUAN MARIA GUTIERREZ,BA
BUENOS AIRES,JUAN N FERNANDEZ,BA
BUENOS AIRES,JUNIN,BA
BUENOS AIRES,KILOMETRO 44,BA
BUENOS AIRES,KILOMETRO 45,BA
BUENOS AIRES,KILOMETRO 61,BA
BUENOS AIRES,KILOMETRO 92,BA
BUENOS AIRES,LA ARMONIA,BA
BUENOS AIRES,LA BALLENA,BA
BUENOS AIRES,LA DULCE,BA
BUENOS AIRES,LA EMILIA,BA
BUENOS AIRES,LA LUCILA,BA
BUENOS AIRES,LA PERLA,BA
BUENOS AIRES,LA PINTA,BA
BUENOS AIRES,LA PLATA,BA
BUENOS AIRES,LA REJA,BA
BUENOS AIRES,LA TRIBU,BA
BUENOS AIRES,LA VIOLETA,BA
BUENOS AIRES,LAGUNA DEL SOLDADO,BA
BUENOS AIRES,LANUS,BA
BUENOS AIRES,LAPRIDA,BA
BUENOS AIRES,LAS FLORES,BA
BUENOS AIRES,LAS MALVINAS,BA
BUENOS AIRES,LEANDRO N ALEM,BA
BUENOS AIRES,LEZAMA,BA
BUENOS AIRES,LIBERTAD,BA
BUENOS AIRES,LIMA,BA
BUENOS AIRES,LINCOLN,BA
BUENOS AIRES,LISANDRO OLMOS ETCHEVERRY,BA
BUENOS AIRES,LLAVALLOL,BA
BUENOS AIRES,LOBERIA,BA
BUENOS AIRES,LOBOS,BA
BUENOS AIRES,LOMA HERMOSA,BA
BUENOS AIRES,LOMA VERDE,BA
BUENOS AIRES,LOMAS DE ZAMORA,BA
BUENOS AIRES,LOMAS DEL MIRADOR,BA
BUENOS AIRES,LONGCHAMPS,BA
BUENOS AIRES,LOS CARDALES,BA
BUENOS AIRES,LOS POLVORINES,BA
BUENOS AIRES,LOS TOLDOS,BA
BUENOS AIRES,LUIS GUILLON,BA
BUENOS AIRES,LUJAN,BA
BUENOS AIRES,MAGDALENA,BA
BUENOS AIRES,MAIPU,BA
BUENOS AIRES,MALVINAS ARGENTINAS,BA
BUENOS AIRES,MANUEL ALBERTI,BA
BUENOS AIRES,MANUEL B GONNET,BA
BUENOS AIRES,MANZANARES,BA
BUENOS AIRES,MAQUINISTA F SAVIO,BA
BUENOS AIRES,MAR DE AJO,BA
BUENOS AIRES,MAR DEL PLATA,BA
BUENOS AIRES,MAR DEL TUYU,BA
BUENOS AIRES,MARCOS PAZ,BA
BUENOS AIRES,MARIANO ACOSTA,BA
BUENOS AIRES,MARTIN CORONADO,BA
BUENOS AIRES,MARTINEZ,BA
BUENOS AIRES,MATHEU,BA
BUENOS AIRES,MAXIMO PAZ,BA
BUENOS AIRES,MAYOR BURATOVICH,BA
BUENOS AIRES,MEDANOS,BA
BUENOS AIRES,MERCEDES,BA
BUENOS AIRES,MERLO,BA
BUENOS AIRES,MIRAMAR,BA
BUENOS AIRES,MOLL,BA
BUENOS AIRES,MONES CAZON,BA
BUENOS AIRES,MONTE CHINGOLO,BA
BUENOS AIRES,MONTE GRANDE,BA
BUENOS AIRES,MONTE HERMOSO,BA
BUENOS AIRES,MORENO,BA
BUENOS AIRES,MORON,BA
BUENOS AIRES,MUNRO,BA
BUENOS AIRES,NAVARRO,BA
BUENOS AIRES,NECOCHEA,BA
BUENOS AIRES,NORBERTO DE LA RIESTRA,BA
BUENOS AIRES,OLAVARRIA,BA
BUENOS AIRES,OLIVOS,BA
BUENOS AIRES,ORENSE,BA
BUENOS AIRES,OSTENDE,BA
BUENOS AIRES,PABLO NOGUES,BA
BUENOS AIRES,PABLO PODESTA,BA
BUENOS AIRES,PARQUE SAN MARTIN,BA
BUENOS AIRES,PASO DEL REY,BA
BUENOS AIRES,PASTEUR,BA
BUENOS AIRES,PEDRO LURO,BA
BUENOS AIRES,PEHUAJO,BA
BUENOS AIRES,PELLEGRINI,BA
BUENOS AIRES,PEREZ MILLAN,BA
BUENOS AIRES,PERGAMINO,BA
BUENOS AIRES,PIEDRITAS,BA
BUENOS AIRES,PIGUE,BA
BUENOS AIRES,PILAR,BA
BUENOS AIRES,PINAMAR,BA
BUENOS AIRES,PIROVANO,BA
BUENOS AIRES,PLAYA SERENA,BA
BUENOS AIRES,PONTEVEDRA,BA
BUENOS AIRES,PRESIDENTE DERQUI,BA
BUENOS AIRES,PUAN,BA
BUENOS AIRES,PUNTA ALTA,BA
BUENOS AIRES,QUEQUEN,BA
BUENOS AIRES,QUILMES,BA
BUENOS AIRES,QUILMES OESTE,BA
BUENOS AIRES,RAFAEL CALZADA,BA
BUENOS AIRES,RAFAEL CASTILLO,BA
BUENOS AIRES,RAMOS MEJIA,BA
BUENOS AIRES,RANCHOS,BA
BUENOS AIRES,RANELAGH,BA
BUENOS AIRES,RAUCH,BA
BUENOS AIRES,REMEDIOS DE ESCALADA,BA
BUENOS AIRES,RINCON DE MILBERG,BA
BUENOS AIRES,RINGUELET,BA
BUENOS AIRES,RIVERA,BA
BUENOS AIRES,ROBERTS,BA
BUENOS AIRES,ROJAS,BA
BUENOS AIRES,ROQUE PEREZ,BA
BUENOS AIRES,RUTA 26 MAQUINISTA F SAVI,BA
BUENOS AIRES,SALADILLO,BA
BUENOS AIRES,SALAZAR,BA
BUENOS AIRES,SALINAS,BA
BUENOS AIRES,SALLIQUELO,BA
BUENOS AIRES,SALTO,BA
BUENOS AIRES,SAN ADOLFO,BA
BUENOS AIRES,SAN AGUSTIN,BA
BUENOS AIRES,SAN ANDRES,BA
BUENOS AIRES,SAN ANDRES DE GILES,BA
BUENOS AIRES,SAN ANTONIO DE ARECO,BA
BUENOS AIRES,SAN ANTONIO DE PADUA,BA
BUENOS AIRES,SAN BERNARDO DEL TUYU,BA
BUENOS AIRES,SAN CAYETANO,BA
BUENOS AIRES,SAN CLEMENTE DEL TUYU,BA
BUENOS AIRES,SAN ENRIQUE,BA
BUENOS AIRES,SAN FERNANDO,BA
BUENOS AIRES,SAN FRANCISCO SOLANO,BA
BUENOS AIRES,SAN ISIDRO,BA
BUENOS AIRES,SAN JOSE,BA
BUENOS AIRES,SAN JUSTO,BA
BUENOS AIRES,SAN MANUEL,BA
BUENOS AIRES,SAN MARTIN,BA
BUENOS AIRES,SAN MIGUEL,BA
BUENOS AIRES,SAN MIGUEL DEL MONTE,BA
BUENOS AIRES,SAN NICOLAS DE LOS ARROYO,BA
BUENOS AIRES,SAN PEDRO,BA
BUENOS AIRES,SAN VICENTE,BA
BUENOS AIRES,SANTA CLARA DEL MAR,BA
BUENOS AIRES,SANTA INES,BA
BUENOS AIRES,SANTA LUCIA,BA
BUENOS AIRES,SANTA TERESITA,BA
BUENOS AIRES,SANTOS LUGARES,BA
BUENOS AIRES,SARANDI,BA
BUENOS AIRES,SEMINARIO PIO XII,BA
BUENOS AIRES,SUIPACHA,BA
BUENOS AIRES,TABLADA,BA
BUENOS AIRES,TANDIL,BA
BUENOS AIRES,TAPALQUE,BA
BUENOS AIRES,TAPIALES,BA
BUENOS AIRES,TEMPERLEY,BA
BUENOS AIRES,TIGRE,BA
BUENOS AIRES,TORNQUIST,BA
BUENOS AIRES,TORRES,BA
BUENOS AIRES,TORTUGUITAS,BA
BUENOS AIRES,TRENQUE LAUQUEN,BA
BUENOS AIRES,TRES ALGARROBOS,BA
BUENOS AIRES,TRES ARROYOS,BA
BUENOS AIRES,TRES LOMAS,BA
BUENOS AIRES,TRISTAN SUAREZ,BA
BUENOS AIRES,TRUJUI,BA
BUENOS AIRES,UNION FERROVIARIA,BA
BUENOS AIRES,URDAMPILLETA,BA
BUENOS AIRES,VALDEZ,BA
BUENOS AIRES,VALENTIN ALSINA,BA
BUENOS AIRES,VELA,BA
BUENOS AIRES,VERONICA,BA
BUENOS AIRES,VICENTE LOPEZ,BA
BUENOS AIRES,VICTORIA,BA
BUENOS AIRES,VILLA ADELINA,BA
BUENOS AIRES,VILLA ASTOLFI,BA
BUENOS AIRES,VILLA BALLESTER,BA
BUENOS AIRES,VILLA BOSCH,BA
BUENOS AIRES,VILLA CACIQUE,BA
BUENOS AIRES,VILLA CELINA,BA
BUENOS AIRES,VILLA DE MAYO,BA
BUENOS AIRES,VILLA DOMINICO,BA
BUENOS AIRES,VILLA ELISA,BA
BUENOS AIRES,VILLA GESELL,BA
BUENOS AIRES,VILLA GRAL SAVIO EX SANCH,BA
BUENOS AIRES,VILLA INSUPERABLE,BA
BUENOS AIRES,VILLA LUZURIAGA,BA
BUENOS AIRES,VILLA LYNCH,BA
BUENOS AIRES,VILLA MARTELLI,BA
BUENOS AIRES,VILLA MOQUEHUA,BA
BUENOS AIRES,VILLA PROGRESO,BA
BUENOS AIRES,VILLA PUEBLO NUEVO,BA
BUENOS AIRES,VILLA RAMALLO ESTACION FF,BA
BUENOS AIRES,VILLA ROSA,BA
BUENOS AIRES,VILLA SABOYA,BA
BUENOS AIRES,VILLA SANTOS TESEI,BA
BUENOS AIRES,VILLA SARMIENTO,BA
BUENOS AIRES,VILLA SERRA,BA
BUENOS AIRES,VILLA SOLDATI,BA
BUENOS AIRES,VILLA VIGNOLO,BA
BUENOS AIRES,VILLAIGRILLO,BA
BUENOS AIRES,VILLALONGA,BA
BUENOS AIRES,VILLANUEVA,BA
BUENOS AIRES,VIRREY DEL PINO,BA
BUENOS AIRES,VIRREYES,BA
BUENOS AIRES,WILDE,BA
BUENOS AIRES,WILLIAM MORRIS,BA
BUENOS AIRES,ZAPIOLA,BA
BUENOS AIRES,ZARATE,BA
BUENOS AIRES,ZEBALLOS,BA
CATAMARCA,SAN FERNANDO,CA
CATAMARCA,SAN JOSE,CA
CATAMARCA,ALIJILAN,CA
CATAMARCA,ANDALGALA,CA
CATAMARCA,BANADO DE OVANTA,CA
CATAMARCA,BELEN,CA
CATAMARCA,CHUMBICHA,CA
CATAMARCA,EL ALAMITO,CA
CATAMARCA,EL RECREO,CA
CATAMARCA,EL TALA,CA
CATAMARCA,FIAMBALA,CA
CATAMARCA,ICANO,CA
CATAMARCA,LA BANDA,CA
CATAMARCA,LA MERCED,CA
CATAMARCA,LAS TEJAS DE VALLE VIEJO,CA
CATAMARCA,LAVALLE,CA
CATAMARCA,LOS ALTOS,CA
CATAMARCA,OVANTA,CA
CATAMARCA,POMAN,CA
CATAMARCA,RECREO,CA
CATAMARCA,SAN ANTONIO DE LA PAZ,CA
CATAMARCA,SAN FDO DEL VALLE DE CATA,CA
CATAMARCA,SANTA MARIA,CA
CATAMARCA,SAUJIL,CA
CATAMARCA,TINOGASTA,CA
CHUBUT,ALTO RIO SENGUER,CB
CHUBUT,CAMARONES,CB
CHUBUT,CHOLILA,CB
CHUBUT,COMODORO RIVADAVIA,CB
CHUBUT,DOLAVON,CB
CHUBUT,EL HOYO,CB
CHUBUT,EPUYEN,CB
CHUBUT,ESQUEL,CB
CHUBUT,GAIMAN,CB
CHUBUT,GOBERNADOR COSTA,CB
CHUBUT,LAGO PUELO,CB
CHUBUT,PLAYA UNION,CB
CHUBUT,PUERTO MADRYN,CB
CHUBUT,RADA TILLY,CB
CHUBUT,RAWSON,CB
CHUBUT,RIO MAYO,CB
CHUBUT,SARMIENTO,CB
CHUBUT,TRELEW,CB
CHUBUT,TREVELIN,CB
CAPITAL FEDERAL,VILLA SOLDATI,CF
CAPITAL FEDERAL,AGRONOMIA,CF
CAPITAL FEDERAL,ALMAGRO,CF
CAPITAL FEDERAL,BALVANERA,CF
CAPITAL FEDERAL,BARRACAS,CF
CAPITAL FEDERAL,BELGRANO,CF
CAPITAL FEDERAL,BOEDO,CF
CAPITAL FEDERAL,CABALLITO,CF
CAPITAL FEDERAL,CAPITAL FEDERAL,CF
CAPITAL FEDERAL,CENTRO,CF
CAPITAL FEDERAL,CHACARITA,CF
CAPITAL FEDERAL,COGHLAN,CF
CAPITAL FEDERAL,COLEGIALES,CF
CAPITAL FEDERAL,CONSTITUCION,CF
CAPITAL FEDERAL,FLORES,CF
CAPITAL FEDERAL,FLORESTA,CF
CAPITAL FEDERAL,LA BOCA,CF
CAPITAL FEDERAL,LINIERS,CF
CAPITAL FEDERAL,MATADEROS,CF
CAPITAL FEDERAL,MONSERRAT,CF
CAPITAL FEDERAL,MONTECASTRO,CF
CAPITAL FEDERAL,NUEVA POMPEYA,CF
CAPITAL FEDERAL,NUNEZ,CF
CAPITAL FEDERAL,PALERMO,CF
CAPITAL FEDERAL,PARQUE AVELLANEDA,CF
CAPITAL FEDERAL,PARQUE CHACABUCO,CF
CAPITAL FEDERAL,PARQUE CHAS,CF
CAPITAL FEDERAL,PARQUE PATRICIOS,CF
CAPITAL FEDERAL,PATERNAL,CF
CAPITAL FEDERAL,PUERTO MADERO,CF
CAPITAL FEDERAL,RECOLETA,CF
CAPITAL FEDERAL,RETIRO,CF
CAPITAL FEDERAL,SAAVEDRA,CF
CAPITAL FEDERAL,SAN CRISTOBAL,CF
CAPITAL FEDERAL,SAN NICOLAS,CF
CAPITAL FEDERAL,SAN TELMO,CF
CAPITAL FEDERAL,SANTA RITA,CF
CAPITAL FEDERAL,VELEZ SARSFIELD,CF
CAPITAL FEDERAL,VERSAILLES,CF
CAPITAL FEDERAL,VILLA CRESPO,CF
CAPITAL FEDERAL,VILLA DEL PARQUE,CF
CAPITAL FEDERAL,VILLA DEVOTO,CF
CAPITAL FEDERAL,VILLA LUGANO,CF
CAPITAL FEDERAL,VILLA LURO,CF
CAPITAL FEDERAL,VILLA MITRE,CF
CAPITAL FEDERAL,VILLA ORTUZAR,CF
CAPITAL FEDERAL,VILLA PUEYRREDON,CF
CAPITAL FEDERAL,VILLA REAL,CF
CAPITAL FEDERAL,VILLA RIACHUELO,CF
CAPITAL FEDERAL,VILLA SANTA RITA,CF
CAPITAL FEDERAL,VILLA URQUIZA,CF
CHACO,CASTELLI,CH
CHACO,AVIA TERAI,CH
CHACO,BARRANQUERAS,CH
CHACO,BASAIL,CH
CHACO,CAMPO LARGO,CH
CHACO,CAMPO MORENO,CH
CHACO,CHARATA,CH
CHACO,COLONIA BENITEZ,CH
CHACO,COLONIAS UNIDAS,CH
CHACO,CONCEPCION DEL BERMEJO,CH
CHACO,CORONEL DU GRATY,CH
CHACO,CORZUELA,CH
CHACO,EL SAUZALITO,CH
CHACO,FONTANA,CH
CHACO,GANCEDO,CH
CHACO,GENERAL JOSE DE SAN MARTI,CH
CHACO,GENERAL PINEDO,CH
CHACO,GENERAL VEDIA,CH
CHACO,HERMOSO CAMPO,CH
CHACO,JUAN JOSE CASTELLI,CH
CHACO,LA LEONESA,CH
CHACO,LA TIGRA,CH
CHACO,LAS BRENAS,CH
CHACO,MACHAGAI,CH
CHACO,MIRAFLORES,CH
CHACO,PAMPA DEL INDIO,CH
CHACO,PAMPA DEL INFIERNO,CH
CHACO,PAMPA INFIERNO,CH
CHACO,PRESIDENCIA ROCA,CH
CHACO,PRESIDENCIA ROQUE SAENZ P,CH
CHACO,PUERTO TIROL,CH
CHACO,PUERTO VILELAS,CH
CHACO,QUITILIPI,CH
CHACO,RESISTENCIA,CH
CHACO,SAN BERNARDO,CH
CHACO,SANTA SYLVINA,CH
CHACO,TACO POZO,CH
CHACO,TRES ISLETAS,CH
CHACO,VILLA ANGELA,CH
CHACO,VILLA BERTHET,CH
CHACO,VILLA RIO BERMEJITO,CH
CORDOBA,MALVINAS ARGENTINAS,CO
CORDOBA,MIRAMAR,CO
CORDOBA,PILAR,CO
CORDOBA,SAN AGUSTIN,CO
CORDOBA,SAN PEDRO,CO
CORDOBA,SAN NICOLAS,CO
CORDOBA,ACHIRAS,CO
CORDOBA,ADELA MARIA,CO
CORDOBA,ALCIRA ESTACION GIGENA,CO
CORDOBA,ALEJANDRO,CO
CORDOBA,ALEJO LEDESMA,CO
CORDOBA,ALICIA,CO
CORDOBA,ALMAFUERTE,CO
CORDOBA,ALTA GRACIA,CO
CORDOBA,AMBUL,CO
CORDOBA,ARIAS,CO
CORDOBA,ARROYITO,CO
CORDOBA,ARROYO CABRAL,CO
CORDOBA,ARROYO DEL PINO,CO
CORDOBA,ARROYO LOS PATOS,CO
CORDOBA,BALLESTEROS,CO
CORDOBA,BALNEARIA,CO
CORDOBA,BELL VILLE,CO
CORDOBA,BENGOLEA,CO
CORDOBA,BERROTARAN,CO
CORDOBA,BIALET MASSE,CO
CORDOBA,BRINKMANN,CO
CORDOBA,BULNES,CO
CORDOBA,CAMILO ALDAO,CO
CORDOBA,CANALS,CO
CORDOBA,CAPILLA DEL MONTE,CO
CORDOBA,CARNERILLO,CO
CORDOBA,CARRILOBO,CO
CORDOBA,CAVANAGH,CO
CORDOBA,CHAJAN,CO
CORDOBA,CHARRAS,CO
CORDOBA,CHAZON,CO
CORDOBA,CINTRA,CO
CORDOBA,COLONIA ALMADA,CO
CORDOBA,COLONIA CAROYA,CO
CORDOBA,COLONIA LA TRINCHERA,CO
CORDOBA,COLONIA LAS PICHANAS,CO
CORDOBA,COLONIA ORCOVI,CO
CORDOBA,COLONIA PROSPERIDAD,CO
CORDOBA,COLONIA SAN BARTOLOME,CO
CORDOBA,COLONIA TIROLEZA,CO
CORDOBA,COLONIA VIGNAUD,CO
CORDOBA,CORDOBA,CO
CORDOBA,CORONEL BAIGORRIA,CO
CORDOBA,CORONEL MOLDES,CO
CORDOBA,CORRAL DE BUSTOS,CO
CORDOBA,CORRAL DE GUARDIA,CO
CORDOBA,CORRALITO,CO
CORDOBA,COSQUIN,CO
CORDOBA,CRUZ ALTA,CO
CORDOBA,CRUZ DEL EJE,CO
CORDOBA,DEAN FUNES,CO
CORDOBA,DEL CAMPILLO,CO
CORDOBA,DESPENADEROS,CO
CORDOBA,EL ARANADO,CO
CORDOBA,EL FORTIN,CO
CORDOBA,EL TIO,CO
CORDOBA,ELENA,CO
CORDOBA,EMBALSE,CO
CORDOBA,ESTACION GENERAL PAZ,CO
CORDOBA,ETRURIA,CO
CORDOBA,FREYRE,CO
CORDOBA,GENERAL BALDISSERA,CO
CORDOBA,GENERAL CABRERA,CO
CORDOBA,GENERAL DEHEZA,CO
CORDOBA,GENERAL LEVALLE,CO
CORDOBA,GENERAL ROCA,CO
CORDOBA,GUATIMOZIN,CO
CORDOBA,HERNANDO,CO
CORDOBA,HIPOLITO BOUCHARD,CO
CORDOBA,HOLMBERG,CO
CORDOBA,HUANCHILLA,CO
CORDOBA,HUINCA RENANCO,CO
CORDOBA,INRIVILLE,CO
CORDOBA,ISLA VERDE,CO
CORDOBA,ITALO,CO
CORDOBA,JAMES CRAIK,CO
CORDOBA,JESUS MARIA,CO
CORDOBA,JOVITA,CO
CORDOBA,JUSTINIANO POSSE,CO
CORDOBA,LA CALERA,CO
CORDOBA,LA CARLOTA,CO
CORDOBA,LA CESIRA,CO
CORDOBA,LA CRUZ,CO
CORDOBA,LA CUMBRE,CO
CORDOBA,LA CUMBRECITA,CO
CORDOBA,LA FALDA,CO
CORDOBA,LA FRANCIA,CO
CORDOBA,LA HIGUERA,CO
CORDOBA,LA LAGUNA,CO
CORDOBA,LA PARA,CO
CORDOBA,LA PAZ,CO
CORDOBA,LA PLAYOSA,CO
CORDOBA,LA PORTENA,CO
CORDOBA,LA PUERTA,CO
CORDOBA,LA TORDILLA NORTE,CO
CORDOBA,LABORDE,CO
CORDOBA,LABOULAYE,CO
CORDOBA,LAGUNA LARGA,CO
CORDOBA,LAS ACEQUIAS,CO
CORDOBA,LAS ARRIAS,CO
CORDOBA,LAS HIGUERAS,CO
CORDOBA,LAS JUNTURAS,CO
CORDOBA,LAS PENAS,CO
CORDOBA,LAS VARAS,CO
CORDOBA,LAS VARILLAS,CO
CORDOBA,LEONES,CO
CORDOBA,LOS CERRILLOS,CO
CORDOBA,LOS REARTES,CO
CORDOBA,LOS SURGENTES,CO
CORDOBA,LOS ZORROS,CO
CORDOBA,LOZADA,CO
CORDOBA,LUQUE,CO
CORDOBA,MARCOS JUAREZ,CO
CORDOBA,MARULL,CO
CORDOBA,MATORRALES,CO
CORDOBA,MATTALDI,CO
CORDOBA,MELO,CO
CORDOBA,MENDIOLAZA,CO
CORDOBA,MINA CLAVERO,CO
CORDOBA,MONTE BUEY,CO
CORDOBA,MONTE CRISTO,CO
CORDOBA,MONTE DE LOS LAZOS,CO
CORDOBA,MONTE MAIZ,CO
CORDOBA,MORRISON,CO
CORDOBA,MORTEROS,CO
CORDOBA,NOETINGER,CO
CORDOBA,NONO,CO
CORDOBA,OBISPO TREJO,CO
CORDOBA,OLIVA,CO
CORDOBA,ONCATIVO,CO
CORDOBA,ORDONEZ,CO
CORDOBA,PAMPAYASTA SUR,CO
CORDOBA,PASCANAS,CO
CORDOBA,PASCO,CO
CORDOBA,PASO VIEJO,CO
CORDOBA,PIQUILLIN,CO
CORDOBA,PLAZA SAN FRANCISCO,CO
CORDOBA,PORTENA,CO
CORDOBA,POTRERO DE FUNES,CO
CORDOBA,POZO DEL MOLLE,CO
CORDOBA,PUEBLO ITALIANO,CO
CORDOBA,QUILINO,CO
CORDOBA,RIO CEBALLOS,CO
CORDOBA,RIO CUARTO,CO
CORDOBA,RIO PRIMERO,CO
CORDOBA,RIO SEGUNDO,CO
CORDOBA,RIO TERCERO,CO
CORDOBA,SACANTA,CO
CORDOBA,SALDAN,CO
CORDOBA,SALSACATE,CO
CORDOBA,SAMPACHO,CO
CORDOBA,SAN ANTONIO,CO
CORDOBA,SAN ANTONIO DE ARREDONDO,CO
CORDOBA,SAN BASILIO,CO
CORDOBA,SAN CARLOS MINAS,CO
CORDOBA,SAN FRANCISCO,CO
CORDOBA,SAN JAVIER,CO
CORDOBA,SAN JOSE DE LA DORMIDA,CO
CORDOBA,SAN MARCOS SIERRA,CO
CORDOBA,SAN MARCOS SUD,CO
CORDOBA,SANTA EUFEMIA,CO
CORDOBA,SANTA MARIA DE PUNILLA,CO
CORDOBA,SANTA ROSA DE CALAMUCHITA,CO
CORDOBA,SANTA ROSA DE RIO PRIMERO,CO
CORDOBA,SATURNINO M LASPIUR,CO
CORDOBA,SEBASTIAN EL CANO,CO
CORDOBA,SERRANO,CO
CORDOBA,SUCO,CO
CORDOBA,TANCACHA,CO
CORDOBA,TICINO,CO
CORDOBA,TIO PUJIO,CO
CORDOBA,TOLEDO,CO
CORDOBA,UCACHA,CO
CORDOBA,UNQUILLO,CO
CORDOBA,VALLE HERMOSO,CO
CORDOBA,VIAMONTE,CO
CORDOBA,VICUNA MACKENNA,CO
CORDOBA,VILLA ALLENDE,CO
CORDOBA,VILLA AMANCAY,CO
CORDOBA,VILLA ANISACATE,CO
CORDOBA,VILLA ASCASUBI,CO
CORDOBA,VILLA CARLOS PAZ,CO
CORDOBA,VILLA CIUDAD DE AMERICA,CO
CORDOBA,VILLA CONCEPCION DEL TIO,CO
CORDOBA,VILLA CURA BROCHERO,CO
CORDOBA,VILLA DE LAS ROSAS,CO
CORDOBA,VILLA DE SOTO,CO
CORDOBA,VILLA DEL DIQUE,CO
CORDOBA,VILLA DEL ROSARIO,CO
CORDOBA,VILLA DEL TOTORAL,CO
CORDOBA,VILLA DOLORES,CO
CORDOBA,VILLA FONTANA,CO
CORDOBA,VILLA GENERAL BELGRANO,CO
CORDOBA,VILLA GIARDINO,CO
CORDOBA,VILLA HUIDOBRO,CO
CORDOBA,VILLA MARIA,CO
CORDOBA,VILLA NUEVA,CO
CORDOBA,VILLA PARQUE SIQUIMAN,CO
CORDOBA,VILLA RETIRO,CO
CORDOBA,VILLA RUMIPAL,CO
CORDOBA,VILLA SANTA CRUZ DEL LAGO,CO
CORDOBA,VILLA SANTA ROSA,CO
CORDOBA,VILLA VALERIA,CO
CORDOBA,WENCESLAO ESCALANTE,CO
CORDOBA,YACANTO CALAMUCHITA,CO
CORRIENTES,BELLA VISTA,CT
CORRIENTES,ITUZAINGO,CT
CORRIENTES,MERCEDES,CT
CORRIENTES,PARQUE SAN MARTIN,CT
CORRIENTES,SAN MIGUEL,CT
CORRIENTES,SANTA LUCIA,CT
CORRIENTES,LA CRUZ,CT
CORRIENTES,ALVEAR,CT
CORRIENTES,BERON DE ASTRADA,CT
CORRIENTES,CAA CATI,CT
CORRIENTES,CAA GARAY GDOR VALENTIN,CT
CORRIENTES,CHAVARRIA,CT
CORRIENTES,COLONIA CAROLINA,CT
CORRIENTES,CORRIENTES,CT
CORRIENTES,CURUZU CUATIA,CT
CORRIENTES,EMPEDRADO,CT
CORRIENTES,ESQUINA,CT
CORRIENTES,GDOR ING VALENTIN VIRASO,CT
CORRIENTES,GOYA,CT
CORRIENTES,ITA IBATE,CT
CORRIENTES,ITATI,CT
CORRIENTES,MARIANO I LOSAS EST SOLAR,CT
CORRIENTES,MBURUCUYA,CT
CORRIENTES,MOCORETA,CT
CORRIENTES,MONTE CASEROS,CT
CORRIENTES,PASO DE LA PATRIA,CT
CORRIENTES,PASO DE LOS LIBRES,CT
CORRIENTES,PERUGORRIA,CT
CORRIENTES,SALADAS,CT
CORRIENTES,SAN LUIS DEL PALMAR,CT
CORRIENTES,SAN ROQUE,CT
CORRIENTES,SANTA ROSA,CT
CORRIENTES,SANTO TOME,CT
CORRIENTES,SAUCE,CT
ENTRE RIOS,COLON,ER
ENTRE RIOS,SAN JOSE,ER
ENTRE RIOS,VICTORIA,ER
ENTRE RIOS,VILLA ELISA,ER
ENTRE RIOS,LA PAZ,ER
ENTRE RIOS,VILLA DEL ROSARIO,ER
ENTRE RIOS,ARANGUREN,ER
ENTRE RIOS,BASAVILBASO,ER
ENTRE RIOS,BOVRIL DTO NRO 12,ER
ENTRE RIOS,CERRITO,ER
ENTRE RIOS,CHAJARI,ER
ENTRE RIOS,CONCEPCION DEL URUGUAY,ER
ENTRE RIOS,CONCORDIA,ER
ENTRE RIOS,CRESPO,ER
ENTRE RIOS,DIAMANTE,ER
ENTRE RIOS,FEDERACION,ER
ENTRE RIOS,FEDERAL,ER
ENTRE RIOS,GENERAL CAMPOS,ER
ENTRE RIOS,GENERAL GALARZA,ER
ENTRE RIOS,GENERAL RAMIREZ,ER
ENTRE RIOS,GUALEGUAY,ER
ENTRE RIOS,GUALEGUAYCHU,ER
ENTRE RIOS,HASENKAMP,ER
ENTRE RIOS,HERNANDARIAS,ER
ENTRE RIOS,HERNANDEZ,ER
ENTRE RIOS,LIBERTADOR SAN MARTIN,ER
ENTRE RIOS,LUCAS GONZALEZ,ER
ENTRE RIOS,MACIA,ER
ENTRE RIOS,MARIA GRANDE,ER
ENTRE RIOS,NOGOYA,ER
ENTRE RIOS,PARANA,ER
ENTRE RIOS,PASO DE LA LAGUNA,ER
ENTRE RIOS,ROSARIO DEL TALA,ER
ENTRE RIOS,SAN JOSE DE FELICIANO,ER
ENTRE RIOS,SAN LUIS SAN JOSE FELICIA,ER
ENTRE RIOS,SAN SALVADOR,ER
ENTRE RIOS,SANTA ELENA,ER
ENTRE RIOS,SAUCE DE LUNA,ER
ENTRE RIOS,SEGUI,ER
ENTRE RIOS,URDINARRAIN,ER
ENTRE RIOS,VIALE,ER
ENTRE RIOS,VILLA CLARA,ER
ENTRE RIOS,VILLA LIBERTADOR SAN MART,ER
ENTRE RIOS,VILLA ZORRAQUIN,ER
ENTRE RIOS,VILLAGUAY,ER
FORMOSA,CAMPO DEL CIELO,FO
FORMOSA,CLORINDA,FO
FORMOSA,COMANDANTE FONTANA,FO
FORMOSA,EL ESPINILLO,FO
FORMOSA,ESTANISLAO DEL CAMPO,FO
FORMOSA,FORMOSA,FO
FORMOSA,IBARRETA,FO
FORMOSA,INGENIERO JUAREZ,FO
FORMOSA,LAGUNA BLANCA,FO
FORMOSA,LAGUNA NAICK NECK,FO
FORMOSA,LAGUNA YEMA,FO
FORMOSA,LAS LOMITAS,FO
FORMOSA,LOS INMIGRANTES,FO
FORMOSA,PIRANE,FO
FORMOSA,POZO DEL TIGRE,FO
FORMOSA,RIACHO HE HE,FO
FORMOSA,SANTA ISABEL,FO
FORMOSA,TRANSITO CUE,FO
JUJUY,SAN PEDRO,JU
JUJUY,AGUAS CALIENTES,JU
JUJUY,ALTO COMEDERO,JU
JUJUY,BARRIO CHIJRA,JU
JUJUY,EL AGUILAR,JU
JUJUY,EL CABRAL,JU
JUJUY,FRAILE PINTADO,JU
JUJUY,HUMAHUACA,JU
JUJUY,LA QUIACA,JU
JUJUY,LAGUNILLA EL CARMEN,JU
JUJUY,LAS CAPILLAS,JU
JUJUY,LIB GRAL SAN MARTIN,JU
JUJUY,LOZANO,JU
JUJUY,MONTE RICO,JU
JUJUY,OCUMAZO,JU
JUJUY,PALPALA,JU
JUJUY,PERICO,JU
JUJUY,PURMAMARCA,JU
JUJUY,SAN SALVADOR DE JUJUY,JU
JUJUY,SANTA CLARA,JU
JUJUY,TILCARA,JU
JUJUY,YUTO,JU
LA PAMPA,25 DE MAYO,LP
LA PAMPA,SANTA ROSA,LP
LA PAMPA,SANTA ISABEL,LP
LA PAMPA,ALPACHIRI,LP
LA PAMPA,ALTA ITALIA,LP
LA PAMPA,ARATA,LP
LA PAMPA,CALEUFU,LP
LA PAMPA,CATRILO,LP
LA PAMPA,COLONIA BARON,LP
LA PAMPA,EDUARDO CASTEX,LP
LA PAMPA,GENERAL ACHA,LP
LA PAMPA,GENERAL PICO,LP
LA PAMPA,GENERAL SAN MARTIN,LP
LA PAMPA,GRAL MANUEL CAMPOS,LP
LA PAMPA,GUATRACHE,LP
LA PAMPA,INGENIERO LUIGGI,LP
LA PAMPA,INTENDENTE ALVEAR,LP
LA PAMPA,JACINTO ARAUZ,LP
LA PAMPA,MACACHIN,LP
LA PAMPA,MIGUEL RIGLOS,LP
LA PAMPA,PARERA,LP
LA PAMPA,QUEMU QUEMU,LP
LA PAMPA,RANCUL,LP
LA PAMPA,REALICO,LP
LA PAMPA,VICTORICA,LP
LA RIOJA,AIMOGASTA,LR
LA RIOJA,ANILLACO,LR
LA RIOJA,ANJULLON,LR
LA RIOJA,CATUNA,LR
LA RIOJA,CHAMICAL,LR
LA RIOJA,CHEPES,LR
LA RIOJA,CHILECITO,LR
LA RIOJA,CUIPAN,LR
LA RIOJA,EL PORTEZUELO,LR
LA RIOJA,FAMATINA,LR
LA RIOJA,GUANDACOL,LR
LA RIOJA,LA RIOJA,LR
LA RIOJA,LOS MOLINOS,LR
LA RIOJA,MILAGRO,LR
LA RIOJA,NONOGASTA,LR
LA RIOJA,OLTA,LR
LA RIOJA,PINCHAS,LR
LA RIOJA,SALICAS - SAN BLAS,LR
LA RIOJA,SANOGASTA,LR
LA RIOJA,ULAPES,LR
LA RIOJA,VILLA CASTELLI,LR
LA RIOJA,VILLA MAZAN,LR
LA RIOJA,VILLA SANAGASTA,LR
LA RIOJA,VILLA UNION,LR
LA RIOJA,VINCHINA,LR
MENDOZA,CORONEL DORREGO,ME
MENDOZA,GENERAL ALVEAR,ME
MENDOZA,JUNIN,ME
MENDOZA,MAIPU,ME
MENDOZA,SAN JOSE,ME
MENDOZA,LAVALLE,ME
MENDOZA,LA PAZ,ME
MENDOZA,MONTE CASEROS,ME
MENDOZA,SAN ROQUE,ME
MENDOZA,SANTA ROSA,ME
MENDOZA,AGRELO,ME
MENDOZA,AGUA DE LA MULA,ME
MENDOZA,BARRANCAS,ME
MENDOZA,BERMEJO,ME
MENDOZA,BOWEN,ME
MENDOZA,BUEN ORDEN,ME
MENDOZA,CARRODILLA,ME
MENDOZA,CHACRAS DE CORIA,ME
MENDOZA,COLONIA ALVEAR OESTE,ME
MENDOZA,COLONIA SEGOVIA,ME
MENDOZA,COQUIMBITO,ME
MENDOZA,COSTA DE ARAUJO,ME
MENDOZA,EUGENIO BUSTOS,ME
MENDOZA,FRAY LUIS BELTRAN,ME
MENDOZA,GARGANTA DEL LEON,ME
MENDOZA,GENERAL GUTIERREZ,ME
MENDOZA,GODOY CRUZ,ME
MENDOZA,GUAYMALLEN,ME
MENDOZA,INGENIERO GIAGNONI,ME
MENDOZA,INGENIERO GUSTAVO ANDRE,ME
MENDOZA,JORGE NEWBERY,ME
MENDOZA,LA COLONIA,ME
MENDOZA,LA CONSULTA,ME
MENDOZA,LA CORTADERA,ME
MENDOZA,LA DORMIDA,ME
MENDOZA,LA LLAVE VIEJA,ME
MENDOZA,LA PRIMAVERA,ME
MENDOZA,LAS CATITAS,ME
MENDOZA,LAS HERAS,ME
MENDOZA,LAS PAREDES,ME
MENDOZA,LIBERTADOR GRAL SAN MARTI,ME
MENDOZA,LOS BARRIALES,ME
MENDOZA,LOS CORRALITOS,ME
MENDOZA,LUJAN DE CUYO,ME
MENDOZA,LUZURIAGA,ME
MENDOZA,MALARGUE,ME
MENDOZA,MAYOR DRUMMOND,ME
MENDOZA,MEDRANO,ME
MENDOZA,MENDOZA,ME
MENDOZA,MONTE COMAN,ME
MENDOZA,NUEVA CIUDAD,ME
MENDOZA,PALMIRA,ME
MENDOZA,PEDREGAL,ME
MENDOZA,PERDRIEL,ME
MENDOZA,REAL DEL PADRE,ME
MENDOZA,RIVADAVIA,ME
MENDOZA,RODEO DE LA CRUZ,ME
MENDOZA,RODEO DEL MEDIO,ME
MENDOZA,SAN CARLOS,ME
MENDOZA,SAN FRANCISCO DEL MONTE,ME
MENDOZA,SAN RAFAEL,ME
MENDOZA,TUNUYAN,ME
MENDOZA,TUPUNGATO,ME
MENDOZA,USPALLATA,ME
MENDOZA,VILLA ATUEL,ME
MENDOZA,VILLA HIPODROMO,ME
MENDOZA,VISTA FLORES,ME
MISIONES,25 DE MAYO,MX
MISIONES,LEANDRO N ALEM,MX
MISIONES,LIBERTAD,MX
MISIONES,SAN JOSE,MX
MISIONES,SAN PEDRO,MX
MISIONES,SAN VICENTE,MX
MISIONES,SANTA RITA,MX
MISIONES,SAN ANTONIO,MX
MISIONES,SAN JAVIER,MX
MISIONES,2DE MAYO,MX
MISIONES,APOSTOLES,MX
MISIONES,ARISTOBULO DEL VALLE,MX
MISIONES,BERNARDO DE IRIGOYEN,MX
MISIONES,CAINGUAS,MX
MISIONES,CAMPO GRANDE,MX
MISIONES,CAMPO VIERA,MX
MISIONES,CANDELARIA,MX
MISIONES,CAPIOVI,MX
MISIONES,CERRO AZUL,MX
MISIONES,COLONIA AURORA,MX
MISIONES,COMANDANTE ANDRESITO,MX
MISIONES,CONCEPCION DE LA SIERRA,MX
MISIONES,CORPUS,MX
MISIONES,EL SOBERBIO,MX
MISIONES,ELDORADO,MX
MISIONES,GARUPA,MX
MISIONES,GOBERNADOR ROCA,MX
MISIONES,JARDIN AMERICA,MX
MISIONES,MONTECARLO,MX
MISIONES,OBERA,MX
MISIONES,POSADAS,MX
MISIONES,PUERTO ESPERANZA,MX
MISIONES,PUERTO IGUAZU,MX
MISIONES,PUERTO PIRAY,MX
MISIONES,PUERTO RICO,MX
MISIONES,RUIZ DE MONTOYA,MX
MISIONES,SALTO ENCANTADO,MX
MISIONES,SAN IGNACIO,MX
MISIONES,SANTA ANA,MX
MISIONES,SANTIAGO DE LINIERS,MX
MISIONES,SANTO PIPO,MX
MISIONES,WANDA,MX
NEUQUEN,AGUADA FLORENCIO,NU
NEUQUEN,ANDACOLLO,NU
NEUQUEN,CENTENARIO,NU
NEUQUEN,CHOS MALAL,NU
NEUQUEN,CUTRAL CO,NU
NEUQUEN,EL HUECU,NU
NEUQUEN,JUNIN DE LOS ANDES,NU
NEUQUEN,LAS OVEJAS,NU
NEUQUEN,LONCOPUE,NU
NEUQUEN,NEUQUEN,NU
NEUQUEN,PICUN LEUFU,NU
NEUQUEN,PIEDRA DEL AGUILA,NU
NEUQUEN,PLAZA HUINCUL,NU
NEUQUEN,PLOTTIER,NU
NEUQUEN,RINCON DE LOS SAUCES,NU
NEUQUEN,SAN MARTIN DE LOS ANDES,NU
NEUQUEN,VILLA LA ANGOSTURA,NU
NEUQUEN,ZAPALA,NU
RIO NEGRO,GENERAL ROCA,RN
RIO NEGRO,ALLEN,RN
RIO NEGRO,BARDA DEL MEDIO,RN
RIO NEGRO,BARILOCHE,RN
RIO NEGRO,CATRIEL,RN
RIO NEGRO,CERVANTES,RN
RIO NEGRO,CHIMPAY,RN
RIO NEGRO,CHOELE CHOEL,RN
RIO NEGRO,CINCO SALTOS,RN
RIO NEGRO,CIPOLLETTI,RN
RIO NEGRO,CONTRALMIRANTE CORDERO,RN
RIO NEGRO,DARWIN,RN
RIO NEGRO,DINA HUAPI,RN
RIO NEGRO,EL BOLSON,RN
RIO NEGRO,GENERAL CONESA,RN
RIO NEGRO,GENERAL ENRIQUE GODOY,RN
RIO NEGRO,GENERAL FERNANDEZ ORO,RN
RIO NEGRO,INGENIERO HUERGO,RN
RIO NEGRO,INGENIERO JACOBACCI,RN
RIO NEGRO,LAMARQUE,RN
RIO NEGRO,LUIS BELTRAN,RN
RIO NEGRO,NIRIHUAO ESTACION FCGR,RN
RIO NEGRO,PILCANIYEU,RN
RIO NEGRO,POMONA,RN
RIO NEGRO,RIO COLORADO,RN
RIO NEGRO,SAN ANTONIO OESTE,RN
RIO NEGRO,SIERRA GRANDE,RN
RIO NEGRO,VALCHETA,RN
RIO NEGRO,VIEDMA,RN
RIO NEGRO,VILLA MANZANO,RN
RIO NEGRO,VILLA REGINA,RN
SALTA,LA MERCED,SA
SALTA,CORONEL MOLDES,SA
SALTA,SAN CARLOS,SA
SALTA,AGUARAY,SA
SALTA,ANIMANA,SA
SALTA,APOLINARIO SARAVIA,SA
SALTA,CACHI,SA
SALTA,CAFAYATE,SA
SALTA,CAMPO QUIJANO,SA
SALTA,CERRILLOS,SA
SALTA,COLONIA SANTA ROSA,SA
SALTA,DRAGONES,SA
SALTA,EL BORDO,SA
SALTA,EL CARRIL,SA
SALTA,EL GALPON,SA
SALTA,EL QUEBRACHAL,SA
SALTA,EMBARCACION,SA
SALTA,GENERAL ENRIQUE MOSCONI,SA
SALTA,GENERAL GUEMES,SA
SALTA,GUACHIPAS,SA
SALTA,HUGUERILLAS,SA
SALTA,JOAQUIN V GONZALEZ,SA
SALTA,LAS LAJITAS,SA
SALTA,METAN,SA
SALTA,MOLINOS,SA
SALTA,ORAN,SA
SALTA,PICHANAL,SA
SALTA,PSALVADOR MAZZA EST POCI,SA
SALTA,ROSARIO DE LA FRONTERA,SA
SALTA,ROSARIO DE LERMA,SA
SALTA,SALTA,SA
SALTA,SAN ANTONIO DE LOS COBRES,SA
SALTA,SAN RAMON DE LA NUEVA ORA,SA
SALTA,SECLANTAS,SA
SALTA,TARTAGAL,SA
SALTA,URUNDEL,SA
SALTA,VAQUEROS,SA
SALTA,VILLA SAN LORENZO,SA
SANTIAGO DEL ESTERO,SAN PEDRO,SE
SANTIAGO DEL ESTERO,LA BANDA,SE
SANTIAGO DEL ESTERO,ANATUYA,SE
SANTIAGO DEL ESTERO,BANDERA,SE
SANTIAGO DEL ESTERO,BELTRAN,SE
SANTIAGO DEL ESTERO,CAMPO GALLO,SE
SANTIAGO DEL ESTERO,COLONIA ALPINA,SE
SANTIAGO DEL ESTERO,COLONIA DORA,SE
SANTIAGO DEL ESTERO,FERNANDEZ,SE
SANTIAGO DEL ESTERO,FRIAS,SE
SANTIAGO DEL ESTERO,INGENIERO FORRES,SE
SANTIAGO DEL ESTERO,LORETO,SE
SANTIAGO DEL ESTERO,LOS JURIES,SE
SANTIAGO DEL ESTERO,MONTE QUEMADO,SE
SANTIAGO DEL ESTERO,NUEVA ESPERANZA,SE
SANTIAGO DEL ESTERO,OJO DE AGUA,SE
SANTIAGO DEL ESTERO,PAMPA DE LOS GUANACOS,SE
SANTIAGO DEL ESTERO,PINTO - VILLA GENERAL MIT,SE
SANTIAGO DEL ESTERO,POZO HONDO,SE
SANTIAGO DEL ESTERO,QUIMILI,SE
SANTIAGO DEL ESTERO,SANTIAGO DEL ESTERO,SE
SANTIAGO DEL ESTERO,SELVA,SE
SANTIAGO DEL ESTERO,SOL DE JULIO,SE
SANTIAGO DEL ESTERO,SUMAMPA,SE
SANTIAGO DEL ESTERO,SUNCHO CORRAL,SE
SANTIAGO DEL ESTERO,TERMAS DE RIO HONDO,SE
SANTIAGO DEL ESTERO,TINTINA,SE
SANTA FE,AVELLANEDA,SF
SANTA FE,MAXIMO PAZ,SF
SANTA FE,PILAR,SF
SANTA FE,SAN JUSTO,SF
SANTA FE,SAN VICENTE,SF
SANTA FE,SAN CRISTOBAL,SF
SANTA FE,SAN JAVIER,SF
SANTA FE,SANTO TOME,SF
SANTA FE,SANTA ISABEL,SF
SANTA FE,BARRANCAS,SF
SANTA FE,FRAY LUIS BELTRAN,SF
SANTA FE,ACEBAL,SF
SANTA FE,ALEJANDRA,SF
SANTA FE,ALVAREZ,SF
SANTA FE,AMENABAR,SF
SANTA FE,AREQUITO,SF
SANTA FE,ARMSTRONG,SF
SANTA FE,ARROYO LEYES,SF
SANTA FE,ARROYO SECO,SF
SANTA FE,ARRUFO,SF
SANTA FE,ARTEAGA,SF
SANTA FE,BERABEVU 1,SF
SANTA FE,BIGAND,SF
SANTA FE,BOMBAL,SF
SANTA FE,BOUQUET,SF
SANTA FE,CALCHAQUI,SF
SANTA FE,CALCHINES,SF
SANTA FE,CANADA DE GOMEZ,SF
SANTA FE,CANADA ROSQUIN,SF
SANTA FE,CAPITAN BERMUDEZ,SF
SANTA FE,CARCARANA,SF
SANTA FE,CARLOS PELLEGRINI,SF
SANTA FE,CASILDA,SF
SANTA FE,CENTENO,SF
SANTA FE,CERES,SF
SANTA FE,CHABAS,SF
SANTA FE,CHOVET,SF
SANTA FE,COLASTINE,SF
SANTA FE,COLONIA ROSA,SF
SANTA FE,CORONDA,SF
SANTA FE,CORREA,SF
SANTA FE,EL TREBOL,SF
SANTA FE,ELISA,SF
SANTA FE,ELORTONDO,SF
SANTA FE,EMPALME VILLA CONSTITUCIO,SF
SANTA FE,ESPERANZA,SF
SANTA FE,EUSEBIA,SF
SANTA FE,FELICIA,SF
SANTA FE,FIGHIERA,SF
SANTA FE,FIRMAT,SF
SANTA FE,FLORENCIA,SF
SANTA FE,FRANCK,SF
SANTA FE,FRONTERA,SF
SANTA FE,FUNES,SF
SANTA FE,GALVEZ,SF
SANTA FE,GOBERNADOR CRESPO,SF
SANTA FE,GODEKEN,SF
SANTA FE,GRANADERO BAIGORRIA,SF
SANTA FE,HELVECIA,SF
SANTA FE,HERSILIA,SF
SANTA FE,HUGHES,SF
SANTA FE,HUMBERTO PRIMERO,SF
SANTA FE,HUMBOLDT,SF
SANTA FE,IBARLUCEA,SF
SANTA FE,IRIGOYEN,SF
SANTA FE,KILOMETRO 9,SF
SANTA FE,LA CRIOLLA,SF
SANTA FE,LAGUNA PAIVA,SF
SANTA FE,LAS PAREJAS,SF
SANTA FE,LAS QUINTAS,SF
SANTA FE,LAS ROSAS,SF
SANTA FE,LAS TOSCAS,SF
SANTA FE,LOS CARDOS,SF
SANTA FE,LOS QUIRQUINCHOS,SF
SANTA FE,MACIEL,SF
SANTA FE,MAGGIOLO,SF
SANTA FE,MALABRIGO,SF
SANTA FE,MARCELINO ESCALADA,SF
SANTA FE,MARGARITA,SF
SANTA FE,MARIA JUANA,SF
SANTA FE,MARIA SUSANA,SF
SANTA FE,MONTE VERA,SF
SANTA FE,MONTES DE OCA,SF
SANTA FE,MURPHY,SF
SANTA FE,NELSON,SF
SANTA FE,OLIVEROS,SF
SANTA FE,PEREZ,SF
SANTA FE,PEYRANO,SF
SANTA FE,PIAMONTE,SF
SANTA FE,PUEBLO ALCORTA,SF
SANTA FE,PUEBLO ESTHER,SF
SANTA FE,PUEBLO RAMONA,SF
SANTA FE,PUERTO GABOTO,SF
SANTA FE,PUERTO GRAL SAN MARTIN,SF
SANTA FE,PUJATO,SF
SANTA FE,RAFAELA,SF
SANTA FE,RECONQUISTA,SF
SANTA FE,RICARDONE,SF
SANTA FE,ROLDAN,SF
SANTA FE,ROMANG,SF
SANTA FE,ROSARIO,SF
SANTA FE,RUFINO,SF
SANTA FE,SALTO GRANDE,SF
SANTA FE,SAN CARLOS CENTRO,SF
SANTA FE,SAN GENARO,SF
SANTA FE,SAN GENARO NORTE,SF
SANTA FE,SAN GREGORIO,SF
SANTA FE,SAN GUILLERMO,SF
SANTA FE,SAN JERONIMO NORTE,SF
SANTA FE,SAN JERONIMO NORTE,SF
SANTA FE,SAN JERONIMO SUD,SF
SANTA FE,SAN JORGE,SF
SANTA FE,SAN JOSE DE LA ESQUINA,SF
SANTA FE,SAN JOSE DEL RINCON,SF
SANTA FE,SAN LORENZO,SF
SANTA FE,SANCTI SPIRITU,SF
SANTA FE,SANTA FE,SF
SANTA FE,SANTA MARGARITA,SF
SANTA FE,SANTA ROSA DE CALCHINES,SF
SANTA FE,SANTA TERESA,SF
SANTA FE,SASTRE,SF
SANTA FE,SAUCE VIEJO,SF
SANTA FE,SOLDINI,SF
SANTA FE,SUARDI,SF
SANTA FE,SUNCHALES,SF
SANTA FE,TEODOLINA,SF
SANTA FE,TIMBUES JOSE MARIA,SF
SANTA FE,TORTUGAS,SF
SANTA FE,TOSTADO,SF
SANTA FE,TOTORAS,SF
SANTA FE,URANGA,SF
SANTA FE,VENADO TUERTO,SF
SANTA FE,VERA,SF
SANTA FE,VILLA CANAS,SF
SANTA FE,VILLA CONSTITUCION,SF
SANTA FE,VILLA ELOISA,SF
SANTA FE,VILLA GOBERNADOR GALVEZ,SF
SANTA FE,VILLA GUILLERMINA,SF
SANTA FE,VILLA MINETTI,SF
SANTA FE,VILLA OCAMPO,SF
SANTA FE,VILLA TRINIDAD,SF
SANTA FE,ZAVALLA,SF
SAN JUAN,SAN MARTIN,SJ
SAN JUAN,SANTA LUCIA,SJ
SAN JUAN,SARMIENTO,SJ
SAN JUAN,RIVADAVIA,SJ
SAN JUAN,ANGACO NORTE,SJ
SAN JUAN,BANOS DE LA LAJA,SJ
SAN JUAN,BARREAL,SJ
SAN JUAN,BARRIO RAWSON,SJ
SAN JUAN,CALINGASTA,SJ
SAN JUAN,CAPITAN LAZO,SJ
SAN JUAN,CAUCETE,SJ
SAN JUAN,CHIMBAS,SJ
SAN JUAN,EST ALBARDON,SJ
SAN JUAN,IGLESIA,SJ
SAN JUAN,JACHAL,SJ
SAN JUAN,MEDIA AGUA,SJ
SAN JUAN,POCITO,SJ
SAN JUAN,PRESBITERO FRANCISCO PERE,SJ
SAN JUAN,SAN JUAN,SJ
SAN JUAN,VALLE FERTIL,SJ
SAN JUAN,VILLA ABERASTAIN,SJ
SAN JUAN,VILLA KRAUSE,SJ
SAN JUAN,VILLA SAN AGUSTIN,SJ
SAN LUIS,LUJAN,SL
SAN LUIS,MERLO,SL
SAN LUIS,CANDELARIA,SL
SAN LUIS,ARIZONA,SL
SAN LUIS,BAGUAL,SL
SAN LUIS,BUENA ESPERANZA,SL
SAN LUIS,CARPINTERIA,SL
SAN LUIS,CONCARAN,SL
SAN LUIS,JUSTO DARACT,SL
SAN LUIS,LA CALAGUALA,SL
SAN LUIS,LA PUNTA,SL
SAN LUIS,LA TOMA,SL
SAN LUIS,LAS SALINAS,SL
SAN LUIS,NASCHEL,SL
SAN LUIS,POTRERO DE LOS FUNES,SL
SAN LUIS,QUINES,SL
SAN LUIS,REPRESA DEL MONTE,SL
SAN LUIS,SAN LUIS,SL
SAN LUIS,SANTA ROSA DE CONLARA,SL
SAN LUIS,TILISARAO,SL
SAN LUIS,VILLA MERCEDES,SL
SANTA CRUZ,LAS HERAS,SZ
SANTA CRUZ,28 DE NOVIEMBRE,SZ
SANTA CRUZ,ALMA GRANDE,SZ
SANTA CRUZ,BAHIA TRANQUILA,SZ
SANTA CRUZ,CALETA OLIVIA,SZ
SANTA CRUZ,COMANDANTE LUIS PIEDRABUE,SZ
SANTA CRUZ,EL CALAFATE,SZ
SANTA CRUZ,GOBERNADOR GREGORES,SZ
SANTA CRUZ,LOS ANTIGUOS,SZ
SANTA CRUZ,PERITO MORENO,SZ
SANTA CRUZ,PICO TRUNCADO,SZ
SANTA CRUZ,PUERTO DESEADO,SZ
SANTA CRUZ,PUERTO SAN JULIAN,SZ
SANTA CRUZ,PUERTO SANTA CRUZ,SZ
SANTA CRUZ,RIO GALLEGOS,SZ
SANTA CRUZ,RIO TURBIO,SZ
TUCUMAN,BELLA VISTA,TC
TUCUMAN,JUAN BAUTISTA ALBERDI,TC
TUCUMAN,SANTA ANA,TC
TUCUMAN,AGUILARES,TC
TUCUMAN,ALDERETES,TC
TUCUMAN,AMAICHA DEL VALLE,TC
TUCUMAN,BANDA DEL RIO SALI,TC
TUCUMAN,BURRUYACU,TC
TUCUMAN,CONCEPCION,TC
TUCUMAN,EL MANANTIAL,TC
TUCUMAN,EL MOLLAR,TC
TUCUMAN,FAMAILLA,TC
TUCUMAN,GRANEROS,TC
TUCUMAN,LA COCHA,TC
TUCUMAN,LA TRINIDAD,TC
TUCUMAN,LOS GUTIERREZ,TC
TUCUMAN,LOS POCITOS,TC
TUCUMAN,LULES,TC
TUCUMAN,MONTEROS,TC
TUCUMAN,SAN MIGUEL DE TUCUMAN,TC
TUCUMAN,SANTA ROSA DE LEALES,TC
TUCUMAN,SIMOCA,TC
TUCUMAN,TAFI DEL VALLE,TC
TUCUMAN,TAFI VIEJO,TC
TUCUMAN,TRANCAS,TC
TUCUMAN,YERBA BUENA,TC
TIERRA DEL FUEGO,RIO GRANDE,TF
TIERRA DEL FUEGO,TOLHUIN,TF
TIERRA DEL FUEGO,USHUAIA,TF
