0812030928ibLuQesMgM,BUENOS AIRES
0812030928gUqTRZWMVO,CAPITAL FEDERAL
0812030928rcBRgOxSxW,CATAMARCA
0812030928jhkkKZKMjf,CHACO
0812030928FUmcHgCeFN,CHUBUT
0812030928YgoCcdPyYb,CORDOBA
0812030928iGnQlFCbCC,CORRIENTES
0812030928fBBSriLSEJ,ENTRE RIOS
0812030928ghCmyAsPlu,FORMOSA
0812030928EeJezxjylr,JUJUY
0812030928KYPvkgQdjP,LA PAMPA
0812030928myPDdAMYrI,LA RIOJA
0812030928PqGXtYJmGW,MENDOZA
0812030928CzLUAwYZQM,MISIONES
0812030928IufnmPwiDI,NEUQUEN
0812030928wMMuzVbTPA,RIO NEGRO
0812030928EHgujlDMVl,SALTA
0812030928UeupjJBOqj,SAN JUAN
0812030928pdwGwFswZf,SAN LUIS
0812030928JxNqTqapDJ,SANTA CRUZ
0812030928ViwtVqdugS,SANTA FE
0812030928RjNWEYCClV,SANTIAGO DEL ESTERO
0812030928BOxhodlIiT,TIERRA DEL FUEGO
0812030928JFNcJpPHCD,TUCUMAN
