Localidad,Sucursal,Direccion
MORENO,CENTRO DE COBRO, MITRE 3244
MORENO,OTROS-SUCURSAL CON RETIRO DE EFECTIVO,9 DE JULIO 302
MORENO,OTROS-SUCURSAL CON RETIRO DE EFECTIVO,ANDINOS 1025
MORENO,FINANCIERA,AV DEL LIBERTADOR 176
MORENO,AGENCIA DE SEGUROS,AV VICTORICA 261
MORENO,KIOSCO/ MAXIKIOSCO,AVDA BARTOLOME MITRE 926
MORENO,KIOSCO/ MAXIKIOSCO-SUCURSAL CON RETIRO DE EFECTIVO,AVDA DEL LIBERTADOR 145
MORENO,KIOSCO/ MAXIKIOSCO-SUCURSAL CON RETIRO DE EFECTIVO,AVDA FRANCISCO PIOVANO 2969
MORENO,SUPERMERCADO/ HIPERMERCADO-SUCURSAL CON RETIRO DE EFECTIVO,AVDA VICTORICA 550
MORENO,POLIRUBRO/ MULTIVENTAS-SUCURSAL CON RETIRO DE EFECTIVO,AVENIDA DEL LIBERTADOR 3441
MORENO,FARMACIA / PERFUMERIA / LIMPIEZA,C LARRALDE 792
MORENO,KIOSCO/ MAXIKIOSCO-SUCURSAL CON RETIRO DE EFECTIVO,DR ALBERTO VERA 44
MORENO,LOCUTORIO/ CIBER,DR L DE LA TORRE 375
MORENO,TELEFONIA CELULAR Y ACCESORIOS-SUCURSAL CON RETIRO DE EFECTIVO,ESPAÑA 103
MORENO,KIOSCO/ MAXIKIOSCO-SUCURSAL CON RETIRO DE EFECTIVO,Intendente pagano  2793
MORENO,KIOSCO/ MAXIKIOSCO-SUCURSAL CON RETIRO DE EFECTIVO,JOLY 2816
MORENO,AGENCIA DE LOTERIA-SUCURSAL CON RETIRO DE EFECTIVO,M DEL BUENO 593
MORENO,CENTRO DE COBRO-SUCURSAL CON RETIRO DE EFECTIVO,PEDRO MARTINEZ MELO 151
MORENO,AGENCIA DE LOTERIA,RICARDO GUTIERREZ 10710
MORENO,AGENCIA DE LOTERIA-SUCURSAL CON RETIRO DE EFECTIVO,SAENZ PEÑA 2276
MORENO,CENTRO DE COBRO-SUCURSAL CON RETIRO DE EFECTIVO,TUCUMAN 23
